{"cameraMode":{"drawMode":0,"name":"Shaded","section":"Shading Mode"},"sceneLighting":true,"audioPlay":false,"sceneViewState":{"m_AlwaysRefresh":false,"showFog":true,"showSkybox":true,"showFlares":true,"showImageEffects":true,"showParticleSystems":true,"showVisualEffectGraphs":true,"m_FxEnabled":true},"in2DMode":false,"pivot":{"x":-77.59425354003906,"y":-65.64665985107422,"z":1.2107181549072266},"rotation":{"x":0.15853089094161988,"y":-0.8362104892730713,"z":0.41888973116874697,"w":0.31646808981895449},"size":56.038272857666019,"orthographic":false}