{"cameraMode":{"drawMode":0,"name":"Shaded","section":"Shading Mode"},"sceneLighting":false,"audioPlay":false,"sceneViewState":{"m_AlwaysRefresh":false,"showFog":true,"showSkybox":false,"showFlares":true,"showImageEffects":true,"showParticleSystems":true,"showVisualEffectGraphs":true,"m_FxEnabled":true},"in2DMode":false,"pivot":{"x":0.04254991561174393,"y":0.013526912778615952,"z":0.0020810700953006746},"rotation":{"x":-0.08203911781311035,"y":0.7865926623344421,"z":-0.1070847436785698,"w":-0.602572500705719},"size":0.07314371317625046,"orthographic":false}