{"count":1,"self":2310.2455808,"total":10089.899159999999,"children":{"InitializeActuators":{"count":1,"self":0.0019943,"total":0.0019943,"children":null},"InitializeSensors":{"count":1,"self":0.0019939,"total":0.0019939,"children":null},"AgentSendState":{"count":2500134,"self":12.1433304,"total":37.766400399999995,"children":{"CollectObservations":{"count":500027,"self":1.9314875999999999,"total":1.9314874999999998,"children":null},"WriteActionMask":{"count":500027,"self":0.97160989999999992,"total":0.97160989999999992,"children":null},"RequestDecision":{"count":500027,"self":3.9411248,"total":22.719972499999997,"children":{"AgentInfo.ToProto":{"count":500027,"self":4.2046383999999994,"total":18.7788476,"children":{"GenerateSensorData":{"count":500027,"self":14.5742096,"total":14.5742091,"children":null}}}}}}},"DecideAction":{"count":2500134,"self":6885.6193023999995,"total":6885.6195867,"children":null},"AgentAct":{"count":2500134,"self":856.1351168,"total":856.259733,"children":{"AgentInfo.ToProto":{"count":3743,"self":0.034983299999999995,"total":0.12462229999999999,"children":{"GenerateSensorData":{"count":3743,"self":0.089639,"total":0.089639,"children":null}}}}},"AgentInfo.ToProto":{"count":68,"self":0,"total":0.0009975,"children":{"GenerateSensorData":{"count":68,"self":0.0009975,"total":0.0009975,"children":null}}}},"gauges":{"MLBoss.CumulativeReward":{"count":3811,"max":138,"min":-161.800476,"runningAverage":98.7153854,"value":107,"weightedAverage":110.011337}},"metadata":{"timer_format_version":"0.1.0","start_time_seconds":"1634410788","unity_version":"2020.3.16f1","command_line_arguments":"C:\\Program Files\\Unity\\Hub\\Editor\\2020.3.16f1\\Editor\\Unity.exe -projectpath D:\/Git Repos\/CIT419\/Are You Not Entertained -useHub -hubIPC -cloudEnvironment production -hubSessionId 14e304b0-2ea0-11ec-a70a-0be3b191de64 -accessToken _4QXv6YPNvl1atuNFOXp45dK8wHONcVeabbvTP6OMxg002f","communication_protocol_version":"1.5.0","com.unity.ml-agents_version":"2.0.0","scene_name":"MLTraining","end_time_seconds":"1634420878"}}